<?xml version="1.0" encoding="UTF-8"?>
<project-private xmlns="http://www.netbeans.org/ns/project-private/1">
    <editor-bookmarks xmlns="http://www.netbeans.org/ns/editor-bookmarks/2" lastBookmarkId="2"/>
    <open-files xmlns="http://www.netbeans.org/ns/projectui-open-files/2">
        <group>
            <file>file:/C:/Users/Shubham/Documents/NetBeansProjects/MVCMiniProject/web/displayuser.jsp</file>
            <file>file:/C:/Users/Shubham/Documents/NetBeansProjects/MVCMiniProject/web/register.jsp</file>
            <file>file:/C:/Users/Shubham/Documents/NetBeansProjects/MVCMiniProject/web/read.jsp</file>
            <file>file:/C:/Users/Shubham/Documents/NetBeansProjects/MVCMiniProject/web/result.jsp</file>
            <file>file:/C:/Users/Shubham/Documents/NetBeansProjects/MVCMiniProject/web/noticepublish.jsp</file>
            <file>file:/C:/Users/Shubham/Documents/NetBeansProjects/MVCMiniProject/web/dispnotice.jsp</file>
            <file>file:/C:/Users/Shubham/Documents/NetBeansProjects/MVCMiniProject/src/java/controller/viewnoticeServlet.java</file>
        </group>
    </open-files>
</project-private>
