<?xml version="1.0" encoding="UTF-8"?>
<project-private xmlns="http://www.netbeans.org/ns/project-private/1">
    <editor-bookmarks xmlns="http://www.netbeans.org/ns/editor-bookmarks/2" lastBookmarkId="2"/>
    <open-files xmlns="http://www.netbeans.org/ns/projectui-open-files/2">
        <group>
            <file>file:/C:/Users/Shubham/Documents/NetBeansProjects/NOTICEFP/src/java/controller/loginServlet.java</file>
            <file>file:/C:/Users/Shubham/Documents/NetBeansProjects/NOTICEFP/web/addstudent.jsp</file>
            <file>file:/C:/Users/Shubham/Documents/NetBeansProjects/NOTICEFP/src/java/DBHandlers/DaoMVC.java</file>
            <file>file:/C:/Users/Shubham/Documents/NetBeansProjects/NOTICEFP/web/generateuser1.jsp</file>
            <file>file:/C:/Users/Shubham/Documents/NetBeansProjects/NOTICEFP/web/maindashboard.jsp</file>
            <file>file:/C:/Users/Shubham/Documents/NetBeansProjects/NOTICEFP/src/java/controller/dispnotice.java</file>
        </group>
    </open-files>
</project-private>
